{
  "lags": 26,
  "lags_future_covariates": 4,
  "n_estimators": 200,
  "max_depth": 10,
  "learning_rate": 0.030205938238820687,
  "num_leaves": 63,
  "reg_alpha": 1.6741206472368503e-07,
  "reg_lambda": 4.347386324366288e-08
}